lane,Bacteria;Proteobacteria;Gammaproteobacteria;Pseudomonadales;Endozoicomonadaceae;Endozoicomonas,Bacteria;Proteobacteria;Gammaproteobacteria;Pseudomonadales;Marinobacteraceae;Marinobacter,Bacteria;Proteobacteria;Gammaproteobacteria;Enterobacterales;Alteromonadaceae;Alteromonas,Bacteria;Proteobacteria;Gammaproteobacteria;Pseudomonadales;Moraxellaceae;Acinetobacter,Bacteria;Proteobacteria;Gammaproteobacteria;Burkholderiales;Oxalobacteraceae;Massilia,Bacteria;Proteobacteria;Alphaproteobacteria;Rhizobiales;Stappiaceae;Labrenzia;aggregata,Bacteria;Proteobacteria;Alphaproteobacteria;Rhodobacterales;Rhodobacteraceae;Phaeobacter,Bacteria;Bacteroidota;Bacteroidia;Flavobacteriales;Flavobacteriaceae;Kordia;zosterae,Bacteria;Proteobacteria;Alphaproteobacteria;Caulobacterales;Caulobacteraceae;Caulobacter,Bacteria;Proteobacteria;Alphaproteobacteria;Rhodospirillales;Thalassospiraceae;Thalassospira,Bacteria;Bacteroidota;Bacteroidia;Cytophagales;Cyclobacteriaceae;Fabibacter;pacificus,Bacteria;Proteobacteria;Gammaproteobacteria;Pseudomonadales;Pseudomonadaceae;Pseudomonas,Bacteria;Proteobacteria;Alphaproteobacteria;Caulobacterales;Hyphomonadaceae;Maricaulis,Bacteria;Proteobacteria;Alphaproteobacteria;Rhodobacterales;Rhodobacteraceae;Marivita,Bacteria;Proteobacteria;Gammaproteobacteria;Burkholderiales;Comamonadaceae;Delftia,Bacteria;Proteobacteria;Alphaproteobacteria;Rhodobacterales;Rhodobacteraceae,Bacteria;Verrucomicrobiota;Verrucomicrobiae;Verrucomicrobiales;Rubritaleaceae;Rubritalea,Bacteria;Proteobacteria;Gammaproteobacteria;Pseudomonadales;Spongiibacteraceae;Spongiibacter,Bacteria;Proteobacteria;Alphaproteobacteria;Sphingomonadales;Sphingomonadaceae;Sphingomonas,Bacteria;Proteobacteria;Alphaproteobacteria;Rhizobiales;Beijerinckiaceae;Bosea,Bacteria;Proteobacteria;Gammaproteobacteria;Burkholderiales;Comamonadaceae;Ramlibacter,Bacteria;Bacteroidota;Bacteroidia;Sphingobacteriales;Sphingobacteriaceae;Pedobacter,Bacteria;Proteobacteria;Alphaproteobacteria;Rhodospirillales;Terasakiellaceae,Bacteria;Proteobacteria;Gammaproteobacteria;Enterobacterales;Alteromonadaceae,Bacteria;Proteobacteria;Gammaproteobacteria;Burkholderiales;Oxalobacteraceae;Duganella,Bacteria;Proteobacteria;Gammaproteobacteria;Enterobacterales;Alteromonadaceae;Aliiglaciecola,Bacteria;Campylobacterota;Campylobacteria;Campylobacterales;Arcobacteraceae;Halarcobacter;bivalviorum,Bacteria;Proteobacteria;Gammaproteobacteria;Pseudomonadales;Moraxellaceae;Psychrobacter,Bacteria;Planctomycetota;Phycisphaerae;Phycisphaerales;Phycisphaeraceae;Phycisphaera,Bacteria;Proteobacteria;Gammaproteobacteria;Burkholderiales;Comamonadaceae,Bacteria;Proteobacteria;Gammaproteobacteria;Enterobacterales;Colwelliaceae;Thalassotalea;ganghwensis,Bacteria;Proteobacteria;Gammaproteobacteria;Pseudomonadales;Alcanivoracaceae1;Alcanivorax,Bacteria;Bacteroidota;Bacteroidia;Flavobacteriales;Flavobacteriaceae;Kordia,Bacteria;Proteobacteria;Alphaproteobacteria,Bacteria;Cyanobacteria;Cyanobacteriia;Cyanobacteriales;Paraspirulinaceae,Bacteria;Bdellovibrionota;Bdellovibrionia;Bacteriovoracales;Bacteriovoracaceae;Halobacteriovorax,Bacteria;Proteobacteria;Alphaproteobacteria;Rhizobiales;Rhizobiaceae;Mesorhizobium,Bacteria;Proteobacteria;Alphaproteobacteria;Rhizobiales;Rhizobiaceae;Hoeflea,Bacteria;Proteobacteria;Alphaproteobacteria;Thalassobaculales;Thalassobaculaceae;Thalassobaculum,Bacteria;Proteobacteria;Alphaproteobacteria;Rhizobiales;Rhizobiaceae;Cohaesibacter;gelatinilyticus,Bacteria;Proteobacteria;Alphaproteobacteria;Rhodobacterales;Rhodobacteraceae;Maritimibacter,Bacteria;Proteobacteria;Gammaproteobacteria;Burkholderiales;Comamonadaceae;Comamonas,Bacteria;Proteobacteria;Alphaproteobacteria;Rhodobacterales;Rhodobacteraceae;Tropicibacter;phthalicicus,Bacteria;Proteobacteria;Alphaproteobacteria;Rhizobiales;Xanthobacteraceae;Bradyrhizobium,Bacteria;Proteobacteria;Gammaproteobacteria;Enterobacterales;Alteromonadaceae;Aestuariibacter,Bacteria;Proteobacteria;Alphaproteobacteria;Rhodobacterales;Rhodobacteraceae;Aliiroseovarius,Bacteria;Proteobacteria;Gammaproteobacteria;Enterobacterales;Vibrionaceae;Vibrio,Bacteria;Proteobacteria;Alphaproteobacteria;Rhodobacterales;Rhodobacteraceae;Cognatishimia,Bacteria;Proteobacteria;Alphaproteobacteria;Alphaproteobacteria Incertae Sedis;Unknown Family,Bacteria;Proteobacteria;Alphaproteobacteria;Sphingomonadales;Sphingomonadaceae;Sphingorhabdus,Bacteria;Planctomycetota;Planctomycetes;Pirellulales;Pirellulaceae;Pirellula,Bacteria;Proteobacteria;Gammaproteobacteria;Xanthomonadales;Xanthomonadaceae;Stenotrophomonas;maltophilia,Bacteria;Proteobacteria;Gammaproteobacteria;Burkholderiales;Comamonadaceae;Xylophilus,Bacteria;Proteobacteria;Gammaproteobacteria;Burkholderiales;Burkholderiaceae;Ralstonia,Bacteria;Proteobacteria;Gammaproteobacteria,Bacteria;Proteobacteria;Gammaproteobacteria;Burkholderiales;Comamonadaceae;Aquabacterium,Bacteria;Proteobacteria;Gammaproteobacteria;Enterobacterales;Pseudoalteromonadaceae;Pseudoalteromonas,Bacteria;Planctomycetota;Planctomycetes;Pirellulales;Pirellulaceae;Blastopirellula,Bacteria;Proteobacteria;Alphaproteobacteria;Caulobacterales;Caulobacteraceae;Brevundimonas,Bacteria;Proteobacteria;Alphaproteobacteria;Rhizobiales;Rhizobiaceae;Ochrobactrum,Bacteria;Actinobacteriota;Actinobacteria;Propionibacteriales;Propionibacteriaceae;Cutibacterium,Bacteria;Proteobacteria;Alphaproteobacteria;Rhodobacterales;Rhodobacteraceae;Roseovarius,Bacteria;Proteobacteria;Gammaproteobacteria;Burkholderiales;Oxalobacteraceae;Janthinobacterium,Bacteria;Proteobacteria;Gammaproteobacteria;Burkholderiales;Comamonadaceae;Pelomonas,Bacteria;Proteobacteria;Gammaproteobacteria;Salinisphaerales;Solimonadaceae;Oceanococcus,Bacteria;Proteobacteria;Alphaproteobacteria;Rhodobacterales;Rhodobacteraceae;Paracoccus,Bacteria;Proteobacteria;Alphaproteobacteria;Caulobacterales;Parvularculaceae,Bacteria;Proteobacteria;Alphaproteobacteria;Sphingomonadales;Sphingomonadaceae;Novosphingobium,Bacteria;Bacteroidota;Bacteroidia;Flavobacteriales;Flavobacteriaceae;Muricauda,Bacteria;Fusobacteriota;Fusobacteriia;Fusobacteriales;Fusobacteriaceae;Fusobacterium;periodonticum,Bacteria;Proteobacteria;Alphaproteobacteria;Kordiimonadales;Kordiimonadaceae;Kordiimonas,Bacteria;Bdellovibrionota;Oligoflexia;Oligoflexales;Oligoflexaceae,Bacteria;Proteobacteria;Alphaproteobacteria;Rhizobiales;Rhizobiaceae,Bacteria;Proteobacteria;Alphaproteobacteria;Caulobacterales;Hyphomonadaceae;Hyphomonas,Bacteria;Proteobacteria;Alphaproteobacteria;Kordiimonadales,Bacteria;Proteobacteria;Gammaproteobacteria;Salinisphaerales;Solimonadaceae;Solimonas,Bacteria;Proteobacteria;Gammaproteobacteria;Burkholderiales;Alcaligenaceae;Achromobacter,Bacteria;Proteobacteria;Alphaproteobacteria;Rhodobacterales;Rhodobacteraceae;Ruegeria,Bacteria;Proteobacteria;Alphaproteobacteria;Rhizobiales;Hyphomicrobiaceae;Filomicrobium,Bacteria;Proteobacteria;Alphaproteobacteria;Sphingomonadales;Sphingomonadaceae;Erythrobacter,Bacteria;Proteobacteria;Alphaproteobacteria;Rhodobacterales;Rhodobacteraceae;Marivivens;donghaensis,Bacteria;Cyanobacteria;Cyanobacteriia;Limnotrichales;Limnotrichaceae;Limnothrix,Bacteria;Bacteroidota;Bacteroidia;Chitinophagales;Chitinophagaceae;Sediminibacterium;salmoneum,Bacteria;Proteobacteria;Alphaproteobacteria;Rhodobacterales;Rhodobacteraceae;Shimia,Bacteria;Proteobacteria;Gammaproteobacteria;Francisellales;Francisellaceae,Bacteria;Campylobacterota;Campylobacteria;Campylobacterales;Arcobacteraceae;Halarcobacter,Bacteria;Bacteroidota;Bacteroidia;Flavobacteriales;Flavobacteriaceae;Winogradskyella;poriferorum,Bacteria;Chloroflexi;Anaerolineae;SBR1031;A4b,Bacteria;Proteobacteria;Alphaproteobacteria;Rhizobiales;Rhizobiaceae;Aureimonas;altamirensis,Bacteria;Proteobacteria;Alphaproteobacteria;Rhodobacterales;Rhodobacteraceae;Sulfitobacter;dubius,Bacteria;Patescibacteria;Gracilibacteria;Candidatus Peregrinibacteria,Bacteria;Proteobacteria;Alphaproteobacteria;Micavibrionales,Bacteria;Sumerlaeota;Sumerlaeia,Bacteria;Proteobacteria;Alphaproteobacteria;Rhizobiales;Devosiaceae;Maritalea;porphyrae,Bacteria;Verrucomicrobiota;Lentisphaeria;Lentisphaerales;Lentisphaeraceae;Lentisphaera,Bacteria;Bdellovibrionota;Bdellovibrionia;Bdellovibrionales;Bdellovibrionaceae;Bdellovibrio,Bacteria;Firmicutes;Negativicutes;Veillonellales-Selenomonadales;Veillonellaceae;Veillonella,Bacteria;Planctomycetota;OM190,Bacteria;Verrucomicrobiota;Verrucomicrobiae;Verrucomicrobiales;Rubritaleaceae;Persicirhabdus,Bacteria;Proteobacteria;Gammaproteobacteria;Piscirickettsiales;Piscirickettsiaceae;Candidatus Endoecteinascidia,Bacteria;Actinobacteriota;Actinobacteria;Micrococcales;Micrococcaceae;Micrococcus,Bacteria;Proteobacteria;Gammaproteobacteria;Burkholderiales;Neisseriaceae;Neisseria,Bacteria;Proteobacteria;Alphaproteobacteria;Rhodospirillales,Bacteria;Planctomycetota;Planctomycetes;Planctomycetales;Rubinisphaeraceae;SH-PL14,Bacteria;Proteobacteria;Gammaproteobacteria;Enterobacterales;Psychromonadaceae;Motilimonas;eburnea,Bacteria;Proteobacteria;Alphaproteobacteria;Rhodobacterales;Rhodobacteraceae;Maritimibacter;alkaliphilus,Bacteria;Proteobacteria;Alphaproteobacteria;Rickettsiales;AB1,Bacteria;Bacteroidota;Bacteroidia;Chitinophagales;Saprospiraceae;Lewinella,Bacteria;Proteobacteria;Alphaproteobacteria;Rhizobiales;Rhizobiaceae;Allorhizobium-Neorhizobium-Pararhizobium-Rhizobium,Bacteria;Myxococcota;Polyangia;Blfdi19,Bacteria;Proteobacteria;Alphaproteobacteria;Rhizobiales;Beijerinckiaceae;Methylobacterium-Methylorubrum,Bacteria;Planctomycetota;Planctomycetes;Planctomycetales;Gimesiaceae;Gimesia,Bacteria;Bdellovibrionota;Bdellovibrionia;Bdellovibrionales;Bdellovibrionaceae;OM27 clade,Bacteria;Acidobacteriota;Blastocatellia;Blastocatellales;Blastocatellaceae;Blastocatella,Bacteria;Proteobacteria;Alphaproteobacteria;Rhodobacterales;Rhodobacteraceae;Ascidiaceihabitans,Bacteria;Proteobacteria;Gammaproteobacteria;Legionellales;Legionellaceae,Bacteria;Proteobacteria;Gammaproteobacteria;F9P41300-M23,Bacteria;Actinobacteriota;Actinobacteria;Corynebacteriales;Corynebacteriaceae;Corynebacterium,Bacteria;Proteobacteria;Alphaproteobacteria;Rhodobacterales;Rhodobacteraceae;Epibacterium,Bacteria;Proteobacteria;Gammaproteobacteria;Salinisphaerales;Solimonadaceae;Oceanococcus;atlanticus,Bacteria;Firmicutes;Bacilli;Thermicanales;Thermicanaceae;Thermicanus,Bacteria;Proteobacteria;Alphaproteobacteria;Rhodobacterales;Rhodobacteraceae;Nautella,Bacteria;Proteobacteria;Gammaproteobacteria;Pseudomonadales;Unknown Family;Alkalimarinus,Bacteria;Firmicutes;Bacilli;Bacillales;Bacillaceae;Anoxybacillus,Bacteria;Proteobacteria;Gammaproteobacteria;BD7-8,Bacteria;Bacteroidota;Bacteroidia;Chitinophagales;Saprospiraceae,Bacteria;Myxococcota;Polyangia;Polyangiales;Sandaracinaceae;Sandaracinus,Bacteria;Bacteroidota;Bacteroidia;Flavobacteriales;Blattabacteriaceae,Bacteria;Proteobacteria;Alphaproteobacteria;Rhizobiales;Beijerinckiaceae;Bosea;robiniae,Bacteria;Proteobacteria;Gammaproteobacteria;Pseudomonadales;Moraxellaceae;Enhydrobacter;aerosaccus,Bacteria;Proteobacteria;Gammaproteobacteria;Pseudomonadales;Pseudomonadaceae;Thiopseudomonas,Bacteria;Bdellovibrionota;Bdellovibrionia;Bacteriovoracales;Bacteriovoracaceae;Peredibacter,Bacteria;Proteobacteria;Gammaproteobacteria;Enterobacterales;Pseudoalteromonadaceae;Pseudoalteromonas;ruthenica,Bacteria;Firmicutes;Bacilli;Bacillales;Bacillaceae;Geobacillus,Bacteria;Proteobacteria;Gammaproteobacteria;Salinisphaerales;Solimonadaceae,Bacteria;Bacteroidota;Bacteroidia;Flavobacteriales;Flavobacteriaceae;Winogradskyella,Bacteria;Proteobacteria;Gammaproteobacteria;Pseudomonadales;Spongiibacteraceae;BD1-7 clade,Bacteria;Proteobacteria;Alphaproteobacteria;Caulobacterales;Hyphomonadaceae;Litorimonas;taeanensis,Bacteria;Desulfobacterota;Desulfuromonadia,Bacteria;Firmicutes;Clostridia;Lachnospirales;Lachnospiraceae;Lachnoanaerobaculum;cf.,Bacteria;Proteobacteria;Alphaproteobacteria;Rhodobacterales;Rhodobacteraceae;Actibacterium;mucosum,Bacteria;Proteobacteria;Alphaproteobacteria;Caulobacterales;Parvularculaceae;Parvularcula,Bacteria;Bacteroidota;Bacteroidia;Flavobacteriales;Flavobacteriaceae,Bacteria;Firmicutes;Clostridia;Peptostreptococcales-Tissierellales;Family XI;Peptoniphilus,Bacteria;Firmicutes;Clostridia;Lachnospirales;Lachnospiraceae;Stomatobaculum,Bacteria;Planctomycetota;Planctomycetes;Planctomycetales;Rubinisphaeraceae;Planctomicrobium,Bacteria;Bacteroidota;Bacteroidia;Flavobacteriales;Weeksellaceae;Chryseobacterium,Bacteria;Bacteroidota;Bacteroidia;Bacteroidales;Prevotellaceae;Prevotella_9,Bacteria;Proteobacteria;Gammaproteobacteria;Legionellales;Legionellaceae;Legionella,Bacteria;Proteobacteria;Gammaproteobacteria;Enterobacterales;Kangiellaceae;Aliikangiella,Bacteria;Bacteroidota;Bacteroidia;Flavobacteriales;Flavobacteriaceae;Tenacibaculum,Bacteria;Proteobacteria;Gammaproteobacteria;Enterobacterales;Vibrionaceae;Vibrio;alginolyticus,Bacteria;Proteobacteria;Alphaproteobacteria;Caulobacterales;Hyphomonadaceae;Maricaulis;maris,Bacteria;Proteobacteria;Alphaproteobacteria;Rhodospirillales;Terasakiellaceae;Terasakiella;brassicae,Bacteria;Bacteroidota;Bacteroidia;Cytophagales;Cyclobacteriaceae;Imperialibacter,Bacteria;Planctomycetota;Phycisphaerae;Phycisphaerales;Phycisphaeraceae;SM1A02,Bacteria;Proteobacteria;Gammaproteobacteria;Pseudomonadales;Pseudohongiellaceae;Pseudohongiella,Bacteria;Proteobacteria;Alphaproteobacteria;Caulobacterales;Hyphomonadaceae;Henriciella;marina,Bacteria;Proteobacteria;Gammaproteobacteria;Enterobacterales;Idiomarinaceae;Idiomarina,Bacteria;Cyanobacteria;Vampirivibrionia;Obscuribacterales;Obscuribacteraceae,Bacteria;Bacteroidota;Bacteroidia;Bacteroidales;Prevotellaceae;Prevotella_9;copri,Bacteria;Proteobacteria;Gammaproteobacteria;Pseudomonadales;Alcanivoracaceae1;Alcanivorax;jadensis,Bacteria;Proteobacteria;Gammaproteobacteria;Pseudomonadales;Saccharospirillaceae;Thalassolituus,Bacteria;Planctomycetota;Planctomycetes;Planctomycetales;Rubinisphaeraceae;Fuerstia,Bacteria;Myxococcota;Polyangia;Nannocystales;Nannocystaceae,Bacteria;Proteobacteria;Alphaproteobacteria;Rhizobiales;Rhizobiaceae;Pseudahrensia,Bacteria;Proteobacteria;Alphaproteobacteria;Rhizobiales;Devosiaceae;Maritalea,Bacteria;Myxococcota;Polyangia;Haliangiales;Haliangiaceae;Haliangium,Bacteria;Proteobacteria;Gammaproteobacteria;Steroidobacterales;Woeseiaceae;Woeseia,Bacteria;Proteobacteria;Gammaproteobacteria;Pseudomonadales;Cellvibrionaceae;Pseudoteredinibacter,Bacteria;Actinobacteriota;Actinobacteria;Corynebacteriales;Mycobacteriaceae;Mycobacterium,Bacteria;Proteobacteria;Alphaproteobacteria;Kiloniellales;Kiloniellaceae;Tagaea,Bacteria;Proteobacteria;Alphaproteobacteria;Rhodobacterales;Rhodobacteraceae;Pseudoruegeria;limi,Bacteria;Actinobacteriota;Actinobacteria;Micrococcales;Dermacoccaceae;Dermacoccus;nishinomiyaensis,Bacteria;Proteobacteria;Alphaproteobacteria;Rickettsiales;Rickettsiaceae,Bacteria;Verrucomicrobiota;Chlamydiae;Chlamydiales;Chlamydiaceae,Bacteria;Actinobacteriota;Thermoleophilia;Gaiellales,Bacteria;Proteobacteria;Alphaproteobacteria;Kiloniellales;Kiloniellaceae;Pelagibius
B10,1279,0,6,620,541,5,0,107,185,2,6,141,1,73,155,0,22,0,107,69,87,99,3,8,71,113,0,0,0,40,0,0,16,5,46,2,80,0,0,1,0,50,28,43,8,2,0,6,0,0,18,3,16,20,0,21,5,5,6,3,1,0,23,21,1,1,0,6,2,0,0,21,0,1,0,0,0,1,2,0,0,4,7,5,10,0,0,1,0,0,1,8,0,5,10,0,0,0,0,0,0,0,0,0,0,0,0,0,0,0,0,2,0,0,0,0,0,0,0,2,0,0,0,0,0,0,2,0,0,0,0,0,0,0,0,0,0,0,0,0,0,0,0,0,0,0,0,0,1,0,0,0,0,0,0,0,0,3,0,0,3,0,0,0,0,0,0,0,0,0,0,0,0,0,2,5,0,0
B11,622,0,5,790,725,4,20,320,211,1,17,189,0,599,147,0,47,2,68,76,93,76,0,6,89,43,0,0,12,28,0,0,61,0,3,3,27,3,0,0,0,58,41,39,5,0,0,22,2,0,59,1,14,21,0,11,0,4,0,0,0,0,14,10,4,0,0,12,2,0,0,4,0,3,0,5,0,2,0,0,0,2,7,4,13,0,0,15,0,0,0,6,0,3,0,8,0,0,0,0,0,0,0,0,2,0,0,0,0,0,0,0,0,0,1,0,3,0,0,3,0,0,4,0,0,0,1,0,0,0,0,0,0,0,0,0,0,0,5,0,0,0,2,0,0,0,0,0,2,0,0,0,0,0,0,0,0,1,0,0,0,0,0,0,5,0,0,0,0,0,0,0,0,0,0,4,0,0
B12,20,1486,1982,85,66,47,88,0,39,242,82,0,25,0,42,0,97,0,11,2,0,10,12,58,10,0,49,70,2,0,67,28,0,0,0,59,4,0,11,0,0,0,0,0,0,0,35,33,0,10,0,0,0,0,0,0,23,0,6,13,5,9,5,15,0,3,2,0,0,0,33,0,2,0,1,0,0,0,0,7,11,0,0,0,0,0,0,0,0,9,0,0,4,0,0,0,0,2,0,0,0,0,0,0,1,6,4,0,3,0,3,0,0,0,0,0,0,0,0,0,0,0,13,0,0,0,0,0,0,0,7,0,10,0,0,0,0,0,0,0,4,0,0,0,0,0,0,25,0,0,0,0,0,0,0,0,4,0,0,2,0,0,9,0,0,0,1,7,0,2,0,0,0,0,0,0,0,0
B9,1093,0,28,57,41,29,23,725,20,0,13,7,8,532,13,16,346,0,9,12,8,5,20,13,5,355,0,1,35,8,0,0,176,0,62,0,7,30,2,12,0,0,128,0,8,0,2,68,0,4,201,0,0,0,0,3,0,18,0,0,0,0,0,0,12,0,0,2,17,0,0,12,0,0,0,0,0,4,1,0,0,8,1,7,29,0,0,18,2,0,8,25,1,25,27,4,3,0,2,0,0,0,0,0,0,0,0,0,0,0,0,1,0,0,3,0,17,0,0,31,0,0,0,0,0,0,29,0,0,0,0,0,0,0,0,0,0,0,22,0,0,0,3,0,0,0,0,1,24,0,0,0,0,0,0,0,0,6,0,0,0,0,0,0,5,0,2,0,0,0,0,0,0,0,10,1,0,0
C1,608,0,14,779,801,3,10,361,282,2,2,175,0,253,127,0,29,1,93,89,104,116,1,7,93,62,0,0,3,61,0,0,74,0,18,0,39,4,0,2,0,61,14,36,0,0,0,19,0,0,19,0,21,25,0,13,0,5,3,2,0,0,10,13,2,0,0,8,9,0,0,6,0,0,0,1,0,7,0,0,0,24,6,7,15,0,0,23,0,0,3,14,0,2,24,3,0,0,2,0,0,0,0,0,0,0,0,0,0,0,0,0,0,0,0,0,2,0,0,2,0,0,0,0,0,0,1,0,0,0,0,0,0,0,0,2,0,0,8,0,0,0,3,0,0,0,0,0,0,0,0,0,0,0,1,0,0,1,0,0,0,0,0,0,1,0,0,0,0,0,0,1,0,0,1,5,0,0
C10,2367,0,0,21,79,260,0,2,0,27,118,0,10,0,0,0,0,0,0,0,0,0,0,65,0,12,0,85,17,13,0,0,0,22,0,35,0,0,13,0,0,8,0,27,130,0,49,13,0,0,0,67,0,0,0,0,0,0,0,2,23,0,0,0,0,54,0,0,0,0,0,0,0,0,0,0,14,0,0,16,0,0,0,0,0,0,49,0,0,15,0,2,0,3,13,0,52,0,0,5,0,0,0,0,0,0,0,0,16,0,0,0,0,0,0,0,0,0,0,0,0,0,0,0,0,0,0,0,26,0,0,0,0,0,0,0,0,0,0,0,0,0,0,0,0,0,0,0,0,0,0,0,0,0,0,0,0,0,0,0,0,0,0,0,0,0,0,0,0,0,0,0,0,0,0,0,0,0
C11,1692,28,0,44,49,242,0,9,30,0,485,0,31,0,29,0,1,0,0,0,14,0,0,123,2,0,14,58,0,15,0,0,0,34,320,0,26,25,41,0,0,0,0,22,53,0,0,0,0,0,0,15,0,3,0,0,0,0,0,135,27,0,18,0,13,3,0,39,0,0,0,0,0,0,0,1,0,0,40,0,0,0,0,0,0,0,0,0,22,0,30,0,0,0,4,0,30,0,0,22,0,0,0,0,0,0,0,0,25,0,0,3,0,0,0,0,5,0,0,0,0,0,0,0,0,0,0,0,33,0,0,0,0,0,0,0,0,0,0,0,0,0,0,0,0,0,0,0,0,0,0,0,0,0,0,7,0,0,0,0,23,0,0,0,0,0,0,0,0,0,0,0,0,0,0,0,0,0
C12,1632,0,731,5,3,12,6,147,0,0,38,0,0,4,0,197,70,98,0,0,0,0,0,2,0,0,0,47,65,0,39,0,26,3,0,0,0,4,8,87,48,0,18,0,4,71,12,0,30,16,0,18,0,0,48,0,0,51,11,8,5,29,0,0,2,11,30,0,31,0,0,0,28,3,18,0,20,6,8,0,0,0,0,0,0,0,2,0,0,0,3,0,0,0,2,0,0,0,16,0,0,0,0,3,0,0,8,1,9,10,4,2,16,0,1,0,0,1,0,0,0,0,0,0,0,4,0,58,0,0,0,0,0,0,1,17,13,2,0,0,0,0,0,0,0,16,0,3,0,0,0,0,0,0,0,4,0,0,0,0,0,0,0,3,0,0,0,0,0,4,0,0,3,0,0,1,0,0
C2,1240,0,47,105,80,19,24,851,39,4,40,18,0,368,13,0,49,5,22,21,8,15,6,14,5,213,0,6,7,6,0,4,191,2,223,5,17,15,13,4,0,5,26,0,33,0,13,38,4,0,70,13,0,1,0,12,1,14,8,4,1,0,1,0,2,3,0,0,11,0,0,57,0,3,0,0,0,0,1,0,0,97,0,101,60,0,2,39,2,0,4,4,2,0,17,27,0,0,8,0,0,0,0,0,4,0,0,0,0,0,0,0,0,0,7,0,3,0,0,3,0,1,0,0,0,0,19,0,0,0,0,0,0,0,0,6,0,0,10,0,0,0,22,0,0,0,0,0,1,0,0,0,0,0,28,0,1,7,0,0,0,0,0,0,5,0,0,0,0,0,0,0,0,0,0,5,0,0
C3,27,1,0,1092,665,89,5,0,629,8,21,486,93,0,157,0,0,0,335,199,121,233,16,5,82,0,0,3,0,48,0,3,0,1,2,0,97,9,10,0,0,38,0,43,0,0,0,0,0,0,0,6,16,26,0,31,0,0,9,4,0,0,27,13,3,0,0,23,0,0,0,0,0,8,0,7,5,0,0,0,0,0,35,0,0,0,0,0,0,0,0,0,1,0,0,0,0,0,0,0,0,0,0,0,0,0,0,0,0,0,0,4,0,0,0,0,0,0,0,0,0,0,0,0,0,0,0,0,0,0,3,0,0,0,0,0,0,0,0,0,3,1,0,0,0,0,0,3,0,0,0,0,0,0,0,0,0,3,0,0,0,0,0,0,0,0,0,0,0,0,0,0,0,0,0,0,0,0
C4,66,0,0,438,828,285,15,13,201,95,75,297,454,0,193,0,0,0,187,289,170,94,64,8,55,0,0,5,0,70,0,2,0,6,0,3,24,20,39,0,0,30,0,33,17,0,0,1,0,0,0,3,194,41,0,40,0,0,37,3,1,0,18,6,14,1,0,2,0,0,0,6,0,10,2,11,1,0,5,0,0,0,8,0,0,0,12,0,0,5,0,4,0,0,0,0,0,0,0,0,0,0,0,0,0,0,0,0,1,0,0,0,0,0,0,0,0,0,0,0,0,0,0,0,0,0,0,0,0,0,0,0,0,0,0,0,0,0,0,0,0,0,0,0,0,0,0,0,0,0,0,0,5,0,0,0,0,0,0,0,3,0,0,0,0,0,0,0,0,0,0,0,0,0,0,0,0,0
C5,11,0,0,891,940,71,5,1,498,13,35,502,84,1,212,0,0,0,217,157,174,170,10,4,136,0,0,1,0,147,0,0,0,11,0,2,98,7,20,0,0,66,0,105,18,0,0,0,0,0,0,2,57,31,0,36,0,0,3,3,2,0,31,39,0,4,0,29,0,0,0,4,0,9,0,0,0,0,0,0,0,0,10,0,0,0,0,0,3,0,0,0,0,0,0,2,3,0,0,0,0,0,0,0,0,0,0,0,0,0,0,0,0,0,0,0,0,0,2,0,0,0,0,0,0,0,0,0,0,0,0,0,0,0,0,0,0,0,0,0,0,0,0,0,0,0,0,0,0,0,0,0,0,0,0,0,0,0,0,0,0,0,0,0,0,0,0,0,0,0,0,0,0,0,0,0,0,0
C6,16,0,0,1342,1193,28,1,0,314,15,14,296,49,0,192,0,0,0,117,108,110,153,8,5,156,0,0,3,0,66,0,0,0,0,0,0,39,2,16,0,0,51,0,47,0,0,1,0,0,0,0,2,42,32,0,21,4,0,5,0,0,0,15,19,0,0,0,14,0,260,0,0,0,4,0,0,0,0,0,0,0,0,11,0,0,0,0,0,0,0,0,0,0,0,0,0,65,0,0,0,0,105,0,0,0,0,0,0,0,0,0,0,0,0,0,0,0,0,0,0,0,0,0,0,0,0,0,0,0,0,0,0,0,0,0,0,0,0,0,40,0,0,0,0,46,0,0,0,0,0,0,0,0,0,0,0,0,0,0,0,0,0,0,0,0,0,0,0,0,0,0,0,0,0,0,0,0,0
C7,427,0,0,327,404,606,64,35,97,15,157,66,699,115,93,0,29,0,33,34,45,52,102,17,29,32,0,29,0,15,0,0,0,22,5,25,28,151,68,1,0,42,42,10,73,0,0,45,0,0,17,48,8,34,0,38,0,0,0,57,13,0,26,0,82,8,0,0,13,0,0,0,0,97,3,45,2,0,37,0,0,0,8,0,1,0,37,0,24,0,0,10,10,25,0,0,9,0,0,0,0,0,0,10,8,4,0,0,0,0,0,0,0,0,0,0,7,0,0,0,0,0,0,0,0,0,0,0,0,3,6,0,0,0,0,0,0,0,0,0,5,16,0,0,0,0,0,0,0,0,0,0,26,0,0,1,0,0,0,0,0,0,0,0,0,0,0,0,0,0,0,0,0,0,0,0,0,0
C8,41,0,0,987,721,214,4,0,377,33,65,489,235,0,153,0,0,0,231,224,125,213,23,2,116,0,0,5,0,44,0,0,0,9,0,0,137,7,25,0,0,54,0,78,0,0,0,0,0,0,0,0,23,25,0,28,0,0,49,0,0,0,32,23,8,0,0,29,0,0,0,0,0,12,0,7,0,0,0,0,0,0,21,0,0,0,0,0,0,0,0,0,0,0,0,0,0,0,0,0,0,0,0,0,0,0,0,0,0,0,0,0,0,0,0,0,0,0,0,0,0,0,0,0,0,0,0,0,0,0,3,0,0,0,0,0,0,0,0,0,4,2,0,0,0,0,0,0,0,0,0,1,0,0,1,0,0,0,0,0,0,7,0,0,0,0,0,0,0,0,0,0,0,0,0,0,0,0
C9,36,8,0,37,51,1725,66,7,0,84,161,0,1343,0,10,0,0,0,2,0,0,4,107,40,5,0,0,31,0,2,0,14,0,24,13,23,8,295,186,0,0,12,8,0,84,0,0,8,0,0,0,10,0,2,0,0,0,0,10,13,13,0,0,0,48,3,0,0,0,0,10,27,0,131,0,48,0,32,66,0,0,0,0,0,0,0,0,0,0,12,0,4,11,0,0,16,0,0,0,0,0,0,0,3,0,12,0,0,0,0,3,0,0,0,0,0,0,2,0,0,0,0,0,0,0,0,0,0,0,0,11,0,0,0,0,0,0,0,0,0,41,24,0,0,0,0,0,0,0,0,0,0,17,0,0,0,12,0,0,0,2,4,0,0,0,0,0,0,0,0,0,0,0,0,0,0,0,0
D1,1295,0,0,165,128,316,33,0,16,0,388,0,49,0,0,0,0,0,0,0,0,8,0,0,13,0,0,192,0,46,0,0,0,85,201,8,0,3,2,0,0,17,0,0,0,0,28,28,0,0,0,33,0,0,0,45,23,0,0,112,17,0,0,0,5,30,0,0,0,0,0,0,0,0,0,0,49,0,0,24,0,0,0,0,0,0,6,0,0,0,55,0,11,0,9,0,0,0,0,0,0,0,0,0,13,0,0,0,0,0,4,47,0,0,0,39,0,28,0,0,0,0,0,0,0,0,0,0,16,49,13,0,0,0,0,0,0,0,0,0,0,0,0,0,0,0,0,0,0,0,0,0,0,0,7,0,0,0,0,0,0,0,0,0,0,0,0,0,0,0,0,0,0,0,0,0,0,0
D10,1923,0,461,38,23,10,6,80,13,3,8,2,0,10,1,234,42,189,4,0,1,0,1,5,7,0,23,14,104,7,39,0,13,0,0,8,0,5,6,7,86,0,22,0,6,43,3,19,58,35,0,4,0,0,21,4,1,22,0,0,5,44,3,0,10,0,28,0,8,0,1,0,14,3,21,0,1,1,5,0,0,0,0,0,0,0,0,0,4,0,0,0,2,0,0,2,0,1,7,0,0,0,0,0,0,3,3,17,0,7,0,0,2,17,6,0,0,0,10,0,0,0,0,0,5,22,0,0,0,0,0,0,0,0,4,0,1,3,0,0,0,0,0,0,0,3,0,1,0,0,0,0,0,0,0,4,0,0,0,0,0,0,0,2,0,3,1,0,1,1,0,0,1,0,0,0,0,0
D11,266,0,1868,14,15,17,18,244,14,9,18,0,0,22,4,393,107,420,6,6,0,9,2,21,2,0,28,17,156,0,143,0,51,7,0,0,1,9,6,47,121,0,21,0,0,67,5,30,76,70,0,8,0,0,74,3,0,41,4,7,2,53,0,0,14,7,31,0,16,0,3,0,37,0,21,2,5,7,4,0,0,0,0,10,0,0,0,0,15,0,0,0,0,1,0,0,0,0,7,0,0,0,0,0,0,0,30,10,1,2,5,0,5,9,9,0,0,4,0,0,0,0,7,0,0,5,0,0,6,0,0,0,0,0,3,17,2,3,0,0,0,0,0,0,0,0,0,0,0,0,0,0,0,0,0,0,2,0,0,5,0,0,0,9,0,6,0,0,0,0,3,0,0,0,0,0,0,0
D12,2542,5,0,60,25,78,0,0,20,4,116,0,16,0,10,0,0,0,13,5,23,0,1,22,8,0,0,39,0,0,0,0,0,27,56,6,0,5,29,0,0,17,0,2,57,0,3,3,0,0,0,17,0,0,0,13,11,0,18,38,11,0,0,3,0,29,0,0,0,0,0,0,0,0,0,0,16,15,0,0,0,0,0,0,0,0,0,0,2,19,0,0,0,5,5,0,6,0,1,9,0,0,0,0,21,0,0,0,0,0,2,12,0,0,0,6,24,5,0,0,0,4,0,0,0,0,0,0,0,0,0,0,0,0,0,0,0,0,0,0,8,0,11,0,3,0,0,0,0,0,0,0,0,0,0,0,0,0,0,0,0,0,0,0,0,0,0,0,0,0,0,0,0,0,0,0,0,0
D2,2547,0,0,24,6,137,0,13,18,0,155,0,4,0,0,0,0,0,1,0,0,0,0,27,0,1,0,36,0,1,0,0,0,95,71,0,0,9,16,0,0,0,0,0,70,0,1,3,0,0,0,7,0,0,0,0,0,0,3,8,21,0,2,0,21,0,0,0,0,0,0,12,0,0,0,0,6,21,0,0,0,0,0,0,0,0,6,0,0,3,10,0,1,0,6,0,0,0,0,13,0,0,34,0,26,0,0,0,2,0,7,5,0,0,0,0,11,0,0,0,0,0,3,0,0,0,0,0,1,0,0,0,0,0,0,0,2,0,0,0,0,0,0,0,0,0,0,0,0,0,0,0,0,0,0,0,0,0,0,0,0,0,3,0,0,0,0,0,0,0,0,0,0,5,2,0,0,0
D3,1784,0,0,64,8,246,30,11,18,0,649,17,24,0,10,0,0,0,4,0,17,3,6,21,0,12,0,84,0,0,0,0,0,136,133,0,0,3,14,0,0,0,0,6,25,0,19,13,0,0,0,83,0,0,0,0,0,0,18,41,9,0,0,0,0,25,0,0,0,0,0,0,0,0,0,0,32,0,0,36,0,0,0,0,0,0,0,0,0,0,0,0,29,0,0,0,3,0,2,6,0,0,40,15,0,0,0,0,7,0,8,0,0,0,0,0,10,19,0,0,0,0,0,0,0,0,0,0,0,0,0,0,0,0,0,0,0,0,0,0,0,0,0,0,0,0,0,0,0,0,0,0,0,0,0,0,0,0,0,0,0,0,0,0,0,0,0,0,0,0,0,0,0,0,0,0,0,0
D4,2101,0,0,65,88,29,0,0,0,10,611,0,6,0,0,0,0,0,8,0,10,0,0,23,9,0,0,0,0,0,0,0,0,240,14,0,0,10,0,0,0,0,0,0,37,0,0,16,0,0,0,17,0,0,0,0,22,0,34,4,92,0,0,0,0,39,0,0,0,0,0,21,0,0,0,0,3,10,0,0,0,0,0,0,0,0,55,13,0,6,43,0,14,0,0,0,0,0,0,10,5,0,62,2,0,0,0,0,0,0,0,43,0,0,0,2,0,10,0,0,0,0,0,0,0,0,0,0,0,6,0,0,0,0,0,0,0,0,0,0,0,0,0,0,0,0,0,0,0,0,0,0,0,0,0,0,3,0,0,0,0,0,0,0,0,0,0,0,0,0,0,0,0,0,0,0,0,0
D5,2444,0,0,39,30,13,0,0,20,0,152,0,0,0,4,0,0,23,0,0,0,0,0,61,0,0,0,63,0,5,0,0,0,175,9,41,0,0,0,0,0,0,5,0,64,0,0,13,0,0,0,13,0,0,0,0,0,0,23,3,17,0,0,0,0,0,0,0,0,0,0,27,0,0,0,0,12,2,0,0,0,0,0,0,0,0,10,0,0,41,14,0,0,0,0,27,24,0,0,34,0,0,34,0,0,0,0,0,2,0,0,0,0,0,0,27,2,0,0,0,0,0,0,0,0,0,0,0,13,20,0,0,0,0,0,0,0,0,0,0,0,0,0,0,0,0,0,0,0,0,0,0,0,0,0,0,0,0,0,0,0,0,0,0,0,0,0,0,0,0,0,0,0,0,0,0,45,0
D6,2435,0,0,81,68,28,0,6,25,0,92,0,9,0,0,0,0,0,15,0,0,0,0,32,7,0,0,34,0,0,0,0,0,26,0,51,0,13,0,0,0,3,0,0,96,0,0,0,0,0,0,27,0,0,0,0,2,0,0,9,1,0,7,8,0,5,0,0,0,4,11,11,0,16,11,0,0,25,0,8,0,0,0,0,0,0,4,0,0,30,17,4,10,4,0,0,0,0,6,25,0,0,0,32,0,0,0,0,10,0,0,42,0,0,0,27,0,0,0,0,0,0,0,0,0,0,9,0,0,0,0,0,0,0,0,0,0,0,0,0,0,0,0,0,0,0,0,0,0,0,0,0,0,0,0,0,9,0,0,0,0,0,0,0,0,0,0,0,0,0,0,0,0,0,0,0,0,0
D7,2061,0,0,0,0,225,0,0,0,0,32,0,45,0,0,0,0,0,0,33,65,0,0,100,0,0,0,86,0,13,0,0,0,0,0,124,3,39,9,0,0,0,0,0,143,0,0,38,0,0,0,0,0,0,0,0,0,0,0,0,18,0,0,0,0,20,0,0,0,0,0,0,0,0,0,0,0,0,33,0,0,0,0,0,0,0,0,0,0,160,0,0,0,0,0,0,0,0,31,38,412,0,0,100,0,0,0,0,0,0,0,20,0,0,0,0,0,0,32,0,0,0,0,0,0,0,0,0,0,25,0,0,0,0,0,0,0,0,0,0,0,0,0,0,0,0,0,0,0,0,0,0,0,0,0,0,0,0,0,0,0,40,0,0,0,0,0,0,0,0,0,0,0,0,0,0,0,0
D8,2363,0,0,26,13,16,0,6,7,6,87,0,0,0,0,0,0,0,0,0,0,0,0,0,0,6,0,73,7,0,0,0,0,55,0,0,0,25,10,0,0,0,0,0,99,0,0,7,0,0,0,37,0,0,0,10,0,0,20,8,10,0,0,0,0,32,0,0,0,0,0,0,0,0,0,0,2,0,0,17,0,0,0,0,0,0,0,0,16,41,0,0,0,0,0,0,0,0,0,0,0,0,0,0,0,0,0,0,2,0,11,0,0,0,0,0,0,25,0,0,0,0,0,0,0,0,0,0,3,6,14,4,0,0,0,0,0,0,0,0,0,0,0,0,0,0,0,0,0,0,0,0,0,0,0,0,0,0,0,0,0,0,0,0,0,0,0,0,0,0,0,0,0,0,0,0,0,0
D9,2702,0,0,5,1,12,3,2,0,0,67,0,0,0,2,0,0,0,0,0,0,0,0,6,0,5,0,11,0,0,0,0,0,57,0,1,0,6,2,0,0,0,0,0,41,0,0,1,0,0,0,7,0,0,0,0,15,0,3,0,7,0,0,0,0,0,0,0,0,0,0,5,0,0,0,0,4,0,0,4,0,0,0,0,0,0,0,0,3,0,0,0,6,0,0,0,0,0,4,11,0,0,0,10,0,0,0,0,0,0,6,0,0,0,0,8,0,0,0,0,0,0,0,0,0,0,0,0,1,0,0,0,0,0,0,0,0,0,0,0,0,0,0,42,0,0,36,0,0,0,0,0,0,0,0,0,0,0,2,0,6,0,0,0,0,0,0,0,0,0,0,0,0,0,0,0,0,0
E1,16,3,636,44,15,21,40,143,12,14,21,0,0,108,0,536,74,717,0,0,9,0,0,13,5,0,4,81,225,6,184,0,40,18,0,17,1,21,7,25,206,0,30,0,0,72,13,20,205,88,0,46,0,3,77,0,14,45,17,17,2,58,0,0,18,15,80,0,19,2,8,0,51,0,32,0,12,8,19,19,0,0,0,0,0,0,0,0,35,0,3,0,5,0,0,0,0,4,7,0,5,2,0,8,0,3,8,27,10,35,10,0,20,11,23,0,0,3,26,0,0,0,1,0,0,0,0,0,17,0,0,0,0,0,36,9,16,2,0,0,0,0,0,0,0,18,0,3,0,1,0,0,0,0,0,4,0,0,0,3,0,7,0,3,0,6,5,1,0,0,1,1,3,0,0,0,0,0
E10,2,1445,955,524,635,207,94,5,158,111,18,92,29,4,143,0,32,0,35,35,58,39,29,29,69,0,46,0,0,16,5,20,0,3,0,52,18,3,14,2,0,45,2,25,0,2,17,10,0,0,5,3,2,10,0,26,10,0,0,2,2,0,25,10,0,1,0,11,0,0,3,0,0,0,0,1,0,0,0,0,19,0,4,0,0,13,0,0,0,0,0,0,6,0,0,0,0,0,0,0,0,0,0,3,6,5,0,0,1,0,0,0,0,2,1,0,0,0,0,0,0,0,1,0,0,0,0,0,2,0,1,0,4,0,0,0,0,0,0,0,0,0,0,0,0,0,0,0,0,2,2,0,0,0,0,4,4,0,0,3,0,4,0,0,0,0,0,0,0,2,0,0,0,0,0,0,0,0
E11,7,1565,1655,238,67,72,29,11,69,165,66,36,15,0,39,0,99,0,24,16,31,22,18,115,20,0,156,34,0,28,95,5,0,5,0,43,12,9,5,16,0,5,10,10,0,0,57,19,0,0,0,23,0,4,0,6,12,0,9,12,5,0,13,0,3,5,0,14,0,2,16,0,0,0,10,0,10,0,0,0,25,0,3,0,0,0,0,0,16,0,0,0,2,0,0,0,0,8,0,0,0,0,0,4,4,0,0,0,1,0,6,0,0,8,0,0,0,0,0,0,0,9,5,0,5,0,0,0,8,0,0,7,7,0,0,0,0,6,0,0,0,0,0,0,0,0,0,0,0,9,1,0,0,13,0,0,0,0,2,2,0,0,2,0,0,0,4,7,9,0,2,0,0,0,0,0,0,1
E2,1423,0,386,15,9,28,18,329,8,2,18,0,0,15,2,221,164,173,2,0,0,2,3,45,0,0,0,17,180,0,44,0,89,10,0,3,0,18,2,101,94,0,17,3,3,114,11,21,57,104,0,10,0,0,78,0,0,44,4,21,3,23,0,0,5,11,31,0,8,0,6,0,39,0,14,0,6,16,9,0,0,0,0,0,0,0,0,0,7,0,0,0,0,0,0,0,0,19,23,0,0,0,0,4,0,0,12,4,8,3,2,0,13,6,5,0,0,0,0,0,0,0,2,0,0,10,0,0,0,0,0,0,0,0,1,1,2,7,0,0,0,0,0,0,0,0,0,0,0,0,0,0,0,0,0,0,0,0,0,0,0,0,0,0,0,2,0,0,5,0,0,0,13,0,0,0,0,0
E3,1900,0,368,0,0,22,14,75,0,4,14,0,0,15,0,232,103,122,0,0,0,0,1,43,0,0,4,2,84,0,66,0,12,10,0,4,0,7,4,113,54,0,26,0,2,75,0,35,48,101,0,2,0,0,50,0,0,33,3,7,0,36,0,0,9,2,23,0,18,0,27,0,16,2,12,0,0,23,4,3,0,0,0,0,0,0,0,0,4,0,1,0,0,1,0,0,0,4,5,0,0,0,0,0,0,0,4,19,0,13,0,0,6,2,8,0,0,0,14,0,0,0,0,0,0,12,0,0,1,0,0,0,0,0,0,2,1,10,0,0,0,0,0,0,0,6,0,0,0,0,0,0,0,0,0,0,0,0,0,0,0,0,0,8,0,4,0,0,0,1,0,0,0,0,0,0,0,0
E4,5,1041,0,288,470,578,831,0,230,373,21,76,45,2,118,0,31,2,109,33,29,34,192,24,34,0,53,14,0,62,2,106,0,5,0,34,33,15,23,7,0,12,6,21,0,0,27,2,0,0,0,12,5,25,0,29,17,0,1,4,0,0,3,22,3,0,0,23,7,0,0,0,0,0,0,8,1,0,3,6,0,0,7,0,0,15,0,0,0,6,0,0,0,0,0,3,0,15,0,0,0,0,0,0,2,3,0,0,0,0,7,0,0,0,0,0,0,0,0,0,0,13,6,0,1,0,0,0,0,0,11,0,3,0,0,0,0,0,0,0,0,6,0,0,0,0,0,4,0,0,0,7,0,1,0,1,0,0,2,4,0,0,0,0,0,0,0,3,0,6,0,0,0,9,0,0,0,1
E5,0,1640,0,271,290,723,1124,18,96,281,4,33,98,5,27,0,12,0,19,21,26,30,176,2,19,4,26,27,1,24,1,75,0,1,5,8,12,40,30,2,0,12,0,22,0,0,0,5,0,0,0,10,0,5,0,6,5,7,5,13,1,0,9,11,6,5,0,10,0,0,0,0,0,0,0,18,1,0,3,4,0,0,2,0,1,0,0,0,1,0,0,0,1,0,0,0,0,0,0,0,0,0,0,0,0,9,0,0,2,0,1,0,0,0,0,0,0,0,0,0,0,0,0,0,0,0,0,0,0,1,0,0,0,0,0,0,0,0,0,0,0,7,0,0,0,0,0,0,0,2,0,0,0,0,2,1,0,0,0,1,0,0,0,0,0,0,0,0,0,0,0,0,0,0,0,0,0,0
E6,10,1864,0,153,120,664,1247,0,39,264,3,27,71,0,35,0,0,66,32,27,27,10,148,32,7,0,1,8,0,9,0,263,0,3,0,6,4,39,39,0,0,5,0,3,5,0,0,0,0,0,0,3,12,8,0,6,0,0,5,7,1,0,4,0,2,5,0,0,0,0,0,0,0,0,0,30,2,0,5,1,0,0,4,0,0,0,0,0,0,0,0,0,7,0,0,0,0,0,0,0,0,0,0,0,0,4,0,0,0,0,0,0,0,0,0,0,0,1,0,0,0,0,0,0,0,0,0,0,0,5,0,0,0,0,0,0,0,0,0,0,0,3,0,0,0,0,0,0,0,0,0,0,0,0,0,0,0,0,0,0,0,0,0,0,0,0,0,0,0,0,0,0,0,0,0,0,0,0
E7,7,1267,0,477,340,618,720,0,149,355,15,95,38,0,86,0,24,5,78,58,41,47,97,88,60,0,27,26,0,45,1,50,0,2,0,18,36,19,36,1,0,29,0,41,7,0,19,4,0,0,0,13,14,25,0,14,13,0,21,6,1,0,28,29,2,5,0,11,0,0,1,0,0,0,4,10,1,0,5,7,0,0,13,0,0,0,0,0,2,0,0,0,0,0,0,2,0,0,0,0,0,0,0,0,2,5,0,0,0,0,1,0,0,0,0,0,0,0,1,0,0,0,0,0,1,2,0,0,0,0,0,0,0,0,0,0,0,0,0,0,0,0,0,0,0,0,0,0,0,2,0,0,0,0,0,3,3,0,0,0,0,0,1,0,0,0,1,0,0,1,0,0,0,0,0,0,0,0
E8,10,1976,0,9,0,890,1204,0,0,532,136,0,91,0,10,0,0,0,38,0,0,8,162,18,0,0,0,39,0,0,0,114,0,0,0,0,0,31,77,0,0,0,0,0,0,0,0,0,0,0,0,0,0,0,0,0,0,0,0,0,7,0,0,0,0,3,0,0,0,0,0,0,0,0,0,13,0,0,0,0,0,0,0,3,0,0,0,0,0,0,0,0,0,0,0,0,0,0,0,0,0,0,0,0,0,21,0,0,6,0,0,0,0,0,0,0,0,0,0,0,0,0,0,0,0,0,0,0,0,64,0,0,0,0,0,0,0,0,0,0,0,0,0,0,0,0,0,15,0,0,0,0,0,0,0,0,0,0,0,0,0,0,0,0,0,0,0,0,0,0,0,0,0,0,0,0,0,0
E9,23,1638,0,104,91,908,607,11,23,694,10,12,27,3,13,0,58,0,3,11,16,9,144,33,7,0,157,60,0,8,20,132,0,6,0,92,3,33,32,8,0,9,8,0,0,0,34,11,0,0,0,30,3,2,0,5,15,0,1,14,0,0,0,6,0,11,0,0,0,1,1,0,0,0,5,14,13,0,0,0,1,0,3,0,0,32,0,0,5,0,0,0,0,0,0,0,1,2,0,0,0,0,0,0,0,20,0,0,3,0,0,0,0,1,0,0,0,0,0,0,0,11,0,0,9,0,0,0,0,0,0,5,0,0,0,0,0,0,0,0,0,0,0,0,0,0,0,0,0,3,5,0,0,7,0,0,0,0,0,1,0,0,3,0,0,1,0,2,0,0,0,1,0,0,0,0,0,1
F1,2,3059,1037,73,60,183,215,0,11,88,23,17,20,0,14,0,39,0,10,1,10,10,21,20,7,0,3,12,4,0,7,54,0,0,0,25,4,10,11,0,2,0,2,0,0,0,0,0,0,0,0,13,0,0,0,1,5,0,9,4,3,0,0,2,0,5,0,3,0,0,9,0,4,0,2,2,2,0,0,7,5,0,0,0,0,0,0,0,1,0,0,0,1,0,0,0,0,0,0,0,0,0,0,0,0,3,0,0,5,0,0,0,0,4,0,2,0,0,0,0,0,0,0,0,0,0,0,0,0,0,0,0,0,0,0,0,0,1,0,0,0,0,0,0,0,0,0,0,0,3,0,0,0,0,0,0,0,0,0,0,0,0,0,0,0,0,1,0,1,0,0,0,0,0,0,0,0,0
F2,0,2438,1095,361,328,82,49,0,84,110,20,26,19,0,46,0,30,0,27,9,23,28,18,23,37,0,11,12,0,25,0,8,0,2,0,8,14,2,4,10,0,13,2,8,0,0,0,3,0,0,0,0,20,6,0,9,4,0,2,8,5,0,0,0,0,6,0,6,0,0,5,0,0,0,0,0,3,0,0,12,4,0,6,0,0,0,0,0,0,0,0,0,0,3,0,0,0,0,0,0,0,0,0,0,0,2,0,0,0,0,0,0,0,1,0,0,0,15,0,0,0,0,0,0,0,0,0,0,0,0,6,10,0,0,0,0,0,0,0,0,0,0,0,0,0,0,0,0,0,0,0,0,3,0,0,2,1,0,0,0,5,0,0,0,0,0,0,0,0,0,0,1,0,0,0,0,0,1
F3,0,1600,1590,182,60,93,104,1,78,81,57,32,4,0,10,0,65,0,23,22,15,12,35,69,3,0,78,31,1,0,6,15,0,40,0,82,17,5,6,8,0,4,12,11,0,0,48,8,0,0,0,13,0,3,0,12,11,0,13,0,34,0,11,0,0,6,0,7,0,0,6,0,0,0,7,0,5,0,0,5,8,0,6,0,0,0,0,0,4,0,0,0,0,0,0,0,0,3,0,0,0,0,0,1,0,0,0,0,0,0,4,0,0,0,0,0,0,9,0,0,129,16,4,126,1,0,0,0,0,13,10,9,0,91,0,0,0,2,0,0,0,0,0,0,0,0,0,0,0,9,0,0,0,13,0,0,3,8,1,2,2,0,15,0,0,0,0,0,0,0,0,0,0,0,0,0,0,3
F4,0,6,0,494,439,169,20,11,47,105,487,35,65,0,77,0,246,0,51,0,11,0,0,330,24,0,363,97,0,45,172,0,0,60,0,227,5,0,51,46,0,0,30,8,0,31,86,61,0,0,0,30,0,33,0,38,58,0,6,0,0,0,0,0,21,0,0,0,0,0,16,0,0,0,47,43,0,0,0,11,76,0,0,0,0,91,0,0,17,14,35,0,0,0,0,32,0,79,0,0,0,0,0,13,64,0,0,0,0,0,0,0,0,0,0,0,0,0,0,0,0,0,0,0,0,0,0,0,0,0,0,0,26,0,0,0,7,22,0,0,0,0,0,0,0,0,0,0,0,21,24,34,0,0,0,18,0,0,31,0,0,0,0,0,0,0,12,15,0,0,0,41,0,0,0,0,0,35
F5,10,0,0,385,315,0,0,0,50,173,275,45,0,0,49,0,119,0,0,0,64,21,0,154,48,0,649,58,0,38,259,0,0,58,0,202,45,0,0,67,0,66,30,0,0,37,349,21,0,0,0,0,0,0,0,0,233,0,0,0,106,0,0,0,0,0,0,37,0,0,62,0,0,0,55,0,0,0,0,0,21,0,0,0,0,137,0,0,0,0,0,0,0,8,0,0,0,0,0,0,0,0,0,21,0,0,0,0,0,0,0,0,0,35,0,27,0,28,0,0,0,35,0,0,118,0,0,0,0,0,0,19,47,0,0,0,0,0,0,50,0,0,0,0,0,0,0,0,0,0,0,0,0,21,0,0,0,0,0,0,0,0,0,0,0,0,0,8,0,0,0,0,0,0,0,0,0,22
F6,0,0,0,46,20,11,0,0,0,163,351,0,0,0,8,43,565,0,0,0,0,0,0,469,23,0,88,93,0,0,153,9,0,172,0,423,0,0,0,194,0,0,83,0,0,0,140,0,0,55,0,111,0,0,0,0,23,0,54,35,17,0,0,0,0,150,0,0,0,0,72,0,10,0,0,0,0,0,0,50,0,0,0,0,0,0,0,0,0,0,0,0,120,0,0,0,0,49,0,0,0,0,0,0,0,0,0,0,28,0,18,0,0,32,0,0,0,0,0,0,0,140,60,0,28,0,0,0,0,0,0,24,35,0,0,0,0,21,0,0,0,0,0,0,0,0,0,0,0,0,0,0,0,0,0,29,0,0,0,0,0,0,0,0,0,0,32,0,0,0,0,16,0,0,0,0,0,0
F7,0,0,0,0,22,0,0,0,0,57,649,0,0,0,0,0,385,0,0,0,0,0,0,346,0,0,355,325,6,7,157,0,0,285,0,442,0,0,36,22,0,0,27,0,0,0,0,33,0,0,0,75,0,0,0,0,190,0,63,0,12,0,0,0,0,15,0,0,0,0,143,0,0,0,0,34,89,0,0,136,0,0,0,0,0,0,21,0,0,24,0,0,0,0,0,0,0,0,0,0,0,0,0,0,0,0,28,0,0,0,18,0,0,35,0,56,0,0,24,0,0,0,0,0,0,0,0,0,0,5,0,70,28,0,0,0,0,0,0,0,0,0,0,0,0,0,0,0,0,49,30,0,0,0,0,0,40,0,0,0,0,0,0,0,0,0,0,0,0,0,70,0,0,0,0,0,0,0
F8,0,0,48,44,20,49,0,7,0,107,135,0,41,0,0,0,203,0,0,0,10,0,0,191,0,0,591,83,9,0,259,0,0,0,0,195,0,0,31,67,0,0,164,0,0,39,594,0,0,39,0,38,0,0,0,0,173,0,0,33,38,0,0,0,0,19,0,0,0,0,50,0,0,0,5,0,17,0,15,35,424,0,0,0,0,130,0,0,0,0,5,0,33,0,0,8,10,14,0,0,27,0,0,0,4,0,0,0,26,0,0,0,0,12,36,32,0,0,0,0,0,0,4,0,36,0,0,0,0,14,0,69,17,0,0,0,22,25,0,0,0,0,0,0,0,0,0,35,0,33,32,59,0,17,0,0,0,0,13,0,0,0,26,0,0,0,0,0,0,7,47,0,0,0,0,0,0,4
F9,0,23,0,925,587,41,0,0,98,58,110,100,14,0,91,0,353,0,101,64,168,71,0,249,82,0,254,51,0,101,66,0,0,53,0,115,25,0,0,40,0,21,20,29,0,23,59,28,0,0,0,0,0,0,0,0,122,0,46,0,30,0,0,50,42,0,2,3,0,0,30,0,5,0,0,0,10,0,0,69,41,0,0,0,0,0,67,0,0,0,0,0,20,0,0,0,0,0,0,0,0,0,0,0,12,0,0,0,0,0,20,0,0,0,0,0,0,0,41,0,0,0,39,0,13,0,0,0,0,0,0,10,0,0,0,0,0,0,0,0,20,0,0,0,0,0,0,0,0,0,28,0,0,9,0,0,0,0,0,42,0,0,0,0,0,0,0,8,43,0,0,0,0,0,0,0,0,0
